id,telegram_message_id,chat_id,author_id,author_username,author_name,message_type,intent,session_id,raw_content,caption,text_content,status,created_at,processed_at
1,36,987692540,987692540,StefanDKO,"–°—Ç–µ—Ñ–∞–Ω",text,note,1,,,"–æ—Ä–≥–Ω–∞–ø",pending,"2026-02-24 20:43:07.000000",
2,37,987692540,987692540,StefanDKO,"–°—Ç–µ—Ñ–∞–Ω",text,note,1,,,"–≥8–Ω8",pending,"2026-02-24 20:43:10.000000",
3,38,987692540,987692540,StefanDKO,"–°—Ç–µ—Ñ–∞–Ω",photo,note,1,AgACAgIAAxkBAAMmaZ3xRtCpfn3hd6Sfq6pmMXGx3KYAAmcSaxstafFI_sP8VR4FspYBAAMCAAN5AAM6BA,,"{""capture"": ""–ò–Ω–¥–∏–≤–∏–¥—É–∞–ª—å–Ω—ã–µ —Ä–∞–∑—Ä–µ—à–µ–Ω–Ω—ã–µ IP-–∞–¥—Ä–µ—Å–∞ –≤ –°—Ç–æ–∫–≥–æ–ª—å–º–µ"", ""description"": ""–°–∫—Ä–∏–Ω—à–æ—Ç –∏–Ω—Ç–µ—Ä—Ñ–µ–π—Å–∞ —É–ø—Ä–∞–≤–ª–µ–Ω–∏—è —Ä–∞–∑—Ä–µ—à–µ–Ω–Ω—ã–º–∏ IP-–∞–¥—Ä–µ—Å–∞–º–∏ –¥–ª—è –∏–Ω–¥–∏–≤–∏–¥—É–∞–ª—å–Ω–æ–≥–æ –¥–æ—Å—Ç—É–ø–∞ –≤ –°—Ç–æ–∫–≥–æ–ª—å–º–µ, —É–∫–∞–∑—ã–≤–∞—é—â–∏–π –Ω–∞ –æ—Å—Ç–∞–≤—à–∏–µ—Å—è –¥–Ω–∏ –∏ —Ç–µ–∫—É—â–∏–π IP-–∞–¥—Ä–µ—Å.""}",described,"2026-02-24 20:43:19.000000",
4,40,987692540,987692540,StefanDKO,"–°—Ç–µ—Ñ–∞–Ω",text,reminder,2,,,uiguyfuff,pending,"2026-02-24 20:43:25.000000",
5,48,987692540,987692540,StefanDKO,"–°—Ç–µ—Ñ–∞–Ω",photo,unknown,3,AgACAgIAAxkBAAMwaZ8IN9wyWws6pt-w2UlTj4d9moAAAmsXaxstaflIf2DTU4udeDsBAAMCAAN5AAM6BA,"–ù–æ–≤–∞—è –ø–æ–¥–ø–∏—Å—å","{""capture"": ""–ù–æ–≤–∞—è –ø–æ–¥–ø–∏—Å—å"", ""description"": ""–°–∫—Ä–∏–Ω—à–æ—Ç —Å–∞–π—Ç–∞ goodailist.com, –ø–æ–∫–∞–∑—ã–≤–∞—é—â–∏–π —Å–ø–∏—Å–æ–∫ –æ—Ç–∫—Ä—ã—Ç—ã—Ö –ø—Ä–æ–µ–∫—Ç–æ–≤ –∏ —Ä–∞–∑—Ä–∞–±–æ—Ç—á–∏–∫–æ–≤ –≤ –æ–±–ª–∞—Å—Ç–∏ –ò–ò. –ù–∞ —ç–∫—Ä–∞–Ω–µ –≤–∏–¥–Ω—ã —Å—Ç–∞—Ç–∏—Å—Ç–∏–∫–∞ —Ä–µ–ø–æ–∑–∏—Ç–æ—Ä–∏–µ–≤, —Ä–∞–∑—Ä–∞–±–æ—Ç—á–∏–∫–æ–≤ –∏ –∑–≤–µ–∑–¥, –∞ —Ç–∞–∫–∂–µ —Ç–æ–ø–æ–≤—ã–µ —Ä–µ–ø–æ–∑–∏—Ç–æ—Ä–∏–∏ —Å –∏—Ö –∫–æ–ª–∏—á–µ—Å—Ç–≤–æ–º –∑–≤–µ–∑–¥ –∏ –¥–Ω–µ–≤–Ω—ã–º —Ä–æ—Å—Ç–æ–º.""}",described,"2026-02-25 16:33:27.000000",
6,49,987692540,987692540,StefanDKO,"–°—Ç–µ—Ñ–∞–Ω",photo,unknown,3,AgACAgIAAxkBAAMxaZ9GV8C78Wcw5kKkWPT1_gleTQIAAugZaxstaflI_BpQJ_ilyjsBAAMCAAN5AAM6BA,"–ú–æ–∏ –¥–µ–≤–∞–π—Å—ã","{""capture"": ""–ú–æ–∏ –¥–µ–≤–∞–π—Å—ã"", ""description"": ""–ù–∞ –¥–µ—Ä–µ–≤—è–Ω–Ω–æ–º —Å—Ç–æ–ª–µ –ª–µ–∂–∞—Ç –º–æ–∏ –≥–∞–¥–∂–µ—Ç—ã: —Å–∏–Ω—è—è –±–µ—Å–ø—Ä–æ–≤–æ–¥–Ω–∞—è –º—ã—à—å Microsoft, —Å–µ—Ä—ã–π –≤–Ω–µ—à–Ω–∏–π –∞–∫–∫—É–º—É–ª—è—Ç–æ—Ä Kooler 22.5W, –±–µ–ª—ã–π —á–µ—Ö–æ–ª –¥–ª—è AirPods –∏ –±–µ–ª—ã–π –∫–∞–±–µ–ª—å, –ø–æ–¥–∫–ª—é—á–µ–Ω–Ω—ã–π –∫ –∞–∫–∫—É–º—É–ª—è—Ç–æ—Ä—É.""}",described,"2026-02-25 20:58:31.000000",
7,51,987692540,987692540,StefanDKO,"–°—Ç–µ—Ñ–∞–Ω",voice,diary,4,AwACAgIAAxkBAAMzaZ9GcWT4tFKSsFnHR25P33gklR8AArGUAAItaflI31qoAy5xqx46BA,,"–ù—É –∞ —Ç–µ–ø–µ—Ä—å –ø–æ–ø—Ä–æ–±—É–µ–º —Å–æ—Å—Ç–∞–≤–∏—Ç—å –¥–Ω–µ–≤–Ω–∏–∫–æ–≤—É—é –∑–∞–ø–∏—Å—å, —á—Ç–æ —ç—Ç–æ –±—É–¥–µ—Ç. –ö–∞–∫–∏–µ —Ä–µ–∑—É–ª—å—Ç–∞—Ç—ã —è –ø–æ–ª—É—á—É –≤ —Ä–µ–∑—É–ª—å—Ç–∞—Ç–µ —ç—Ç–æ–≥–æ, —á—Ç–æ –ø—Ä–æ–∏–∑–æ–π–¥–µ—Ç, –µ—Å–ª–∏ –±—É–¥–µ—Ç –Ω–µ—Å–∫–æ–ª—å–∫–æ —Å—Ç—Ä–∞–Ω–Ω—ã—Ö –∑–∞–ø–∏—Å–µ–π.",transcribed,"2026-02-25 20:58:57.000000",
8,52,987692540,987692540,StefanDKO,"–°—Ç–µ—Ñ–∞–Ω",photo,diary,4,AgACAgIAAxkBAAM0aZ9Gherpn4YClI-u0l1iFnRVARwAAukZaxstaflIC_Y0FxKjH94BAAMCAAN5AAM6BA,"–ü—Ä–µ–¥–ª–∞–≥–∞—é —Å–≤–æ—é –º–æ—Ä–¥–∞—à–∫—É","{""capture"": ""–ü—Ä–µ–¥–ª–∞–≥–∞—é —Å–≤–æ—é –º–æ—Ä–¥–∞—à–∫—É"", ""description"": ""–°–∞–º–æ–ø–æ—Ä—Ç—Ä–µ—Ç –º—É–∂—á–∏–Ω—ã —Å –±–æ—Ä–æ–¥–æ–π –∏ –æ—á–∫–∞–º–∏, —Å–º–æ—Ç—Ä—è—â–µ–≥–æ –ø—Ä—è–º–æ –≤ –∫–∞–º–µ—Ä—É –≤ –¥–æ–º–∞—à–Ω–µ–π –æ–±—Å—Ç–∞–Ω–æ–≤–∫–µ.""}",described,"2026-02-25 20:59:18.000000",
9,54,987692540,987692540,StefanDKO,"–°—Ç–µ—Ñ–∞–Ω",text,reminder,5,,,"–ù–∞–ø–æ–º–Ω–∏—Ç–µ –ø–∏—Ç—å —Ç–∞–±–ª–µ—Ç–∫–∏",pending,"2026-02-25 20:59:30.000000",
10,55,987692540,987692540,StefanDKO,"–°—Ç–µ—Ñ–∞–Ω",text,reminder,5,,,"üíä üíä üíä üíä",pending,"2026-02-25 20:59:41.000000",
11,57,987692540,987692540,StefanDKO,"–°—Ç–µ—Ñ–∞–Ω",photo,diary,6,AgACAgIAAxkBAAM5aZ9SR3kTAAHjOzX7C3OKwfJGxTGiAAKSGmsbLWn5SMgBCXDc9EdXAQADAgADeQADOgQ,"–°–∫—Ä–∏–Ω—à–æ—Ç –º–æ–±–∏–ª—å–Ω–æ–≥–æ –ø—Ä–∏–ª–æ–∂–µ–Ω–∏—è —Å –æ–±—ä—è–≤–ª–µ–Ω–∏—è–º–∏ –æ –ø—Ä–æ–¥–∞–∂–µ —Ç–µ—Ö–Ω–∏–∫–∏ –≤ –ú–æ—Å–∫–≤–µ","–ó–∞–≥–æ–ª–æ–≤–æ–∫: –°–∫—Ä–∏–Ω—à–æ—Ç –º–æ–±–∏–ª—å–Ω–æ–≥–æ –ø—Ä–∏–ª–æ–∂–µ–Ω–∏—è —Å –æ–±—ä—è–≤–ª–µ–Ω–∏—è–º–∏ –æ –ø—Ä–æ–¥–∞–∂–µ —Ç–µ—Ö–Ω–∏–∫–∏ –≤ –ú–æ—Å–∫–≤–µ. –û–ø–∏—Å–∞–Ω–∏–µ: –ù–∞ —ç–∫—Ä–∞–Ω–µ –ø—Ä–∏–ª–æ–∂–µ–Ω–∏—è –ø–æ–∫–∞–∑–∞–Ω—ã —á–µ—Ç—ã—Ä–µ –æ–±—ä—è–≤–ª–µ–Ω–∏—è: MacBook Pro 16 —Å —á–∏–ø–∞–º–∏ M1 –∏ M4, –ø–æ—Ä—Ç–∞—Ç–∏–≤–Ω—ã–π SSD –∏ –∫–æ–º–ø–ª–µ–∫—Ç –≤–∏–¥–µ–æ–∫–∞—Ä—Ç. –ö–∞–∂–¥–æ–µ –æ–±—ä—è–≤–ª–µ–Ω–∏–µ —Å–æ–¥–µ—Ä–∂–∏—Ç —Ü–µ–Ω—É, –º–µ—Å—Ç–æ–ø–æ–ª–æ–∂–µ–Ω–∏–µ –∏ —Å—Ç–∞—Ç—É—Å –ø—Ä–æ—Å–º–æ—Ç—Ä–∞. –í–≤–µ—Ä—Ö—É ‚Äî —Å—Ç—Ä–æ–∫–∞ –ø–æ–∏—Å–∫–∞ —Å –∑–∞–ø—Ä–æ—Å–æ–º '–ü–æ–∏—Å–∫ –≤ –ú–æ—Å–∫–≤–µ', –≤–Ω–∏–∑—É ‚Äî –Ω–∞–≤–∏–≥–∞—Ü–∏–æ–Ω–Ω–∞—è –ø–∞–Ω–µ–ª—å –ø—Ä–∏–ª–æ–∂–µ–Ω–∏—è.",described,"2026-02-25 21:49:27.000000",
12,58,987692540,987692540,StefanDKO,"–°—Ç–µ—Ñ–∞–Ω",text,diary,6,,,"–ß—Ç–æ—Ç–æ –Ω–æ–≤–µ–Ω—å–∫–æ–µ",pending,"2026-02-25 21:49:32.000000",
